Codes,Links
462695,https://santehnika-online.ru/product/mebel_dlya_vannoy_diwo_kolomna_80_podvesnaya/
462689,https://santehnika-online.ru/product/tumba_s_rakovinoy_diwo_kolomna_80_podvesnaya/
465745,https://santehnika-online.ru/product/zerkalo_stworki_malmye_100_s_oreolnoy_podsvetkoy_sensor_na_zerkale/
462924,https://santehnika-online.ru/product/mebel_dlya_vannoy_diwo_kostroma_65_napolnaya/
467218,https://santehnika-online.ru/product/tumba_s_rakovinoy_stworki_kopengagen_70_belaya/
483883,https://santehnika-online.ru/product/mebel_dlya_vannoy_stworki_nyuborg_50/
344521,https://santehnika-online.ru/product/mebel_dlya_vannoy_am_pm_gem_60_belyy_glyanets_podvesnaya_s_2_yashchikami_sertifikat_am_pm_na_30_dney/
406321,https://santehnika-online.ru/product/mebel_dlya_vannoy_stworki_stokgolm_80/
438716,https://santehnika-online.ru/product/mebel_dlya_vannoy_onika_legran_60_13_dub_galifaks/
344685,https://santehnika-online.ru/product/mebel_dlya_vannoy_am_pm_gem_75_podvesnaya_belyy_glyanets_s_2_yashchikami_sertifikat_am_pm_na_30_dney/
483894,https://santehnika-online.ru/product/mebel_dlya_vannoy_stworki_nyuborg_70/
462739,https://santehnika-online.ru/product/mebel_dlya_vannoy_diwo_kostroma_75_napolnaya/
406318,https://santehnika-online.ru/product/tumba_s_rakovinoy_stworki_stokgolm_80/
438732,https://santehnika-online.ru/product/mebel_dlya_vannoy_onika_legran_80_13_r_dub_galifaks/
438741,https://santehnika-online.ru/product/mebel_dlya_vannoy_onika_timber_60_01_belaya_dub_sonoma/
